model,val_acc,val_top5,n_params
resnet18,0.8640000224113464,0.9760000109672546,11716672
resnet34,0.874666690826416,0.981333315372467,21824832
resnet50,0.8293333053588867,0.9546666741371155,25627200
mobilenetv2_050,0.8240000009536743,0.9493333101272583,2017344
mobilenetv2_100,0.8373333215713501,0.9679999947547913,3553536
mobilenetv2_140,0.8453333377838135,0.9599999785423279,6171776
convnext_nano,0.9279999732971191,0.981333315372467,15624304
convnext_tiny,0.9306666851043701,0.9893333315849304,28623456
